{"proxies":{"ti.android.admob.ViewProxy":{"superPackageName":"org.appcelerator.titanium.proxy","methods":{"showAdNow":{"runOnUiThread":false,"hasInvocation":false,"args":[],"apiName":"showAdNow","converter":"org.appcelerator.kroll.KrollConverter","defaultValueProvider":"org.appcelerator.kroll.KrollConverter","name":"__default_name__","returnType":"void"},"loadRewardedAd":{"runOnUiThread":false,"hasInvocation":false,"args":[],"apiName":"loadRewardedAd","converter":"org.appcelerator.kroll.KrollConverter","defaultValueProvider":"org.appcelerator.kroll.KrollConverter","name":"__default_name__","returnType":"void"},"requestInterstitalAd":{"runOnUiThread":false,"hasInvocation":false,"args":[],"apiName":"requestInterstitalAd","converter":"org.appcelerator.kroll.KrollConverter","defaultValueProvider":"org.appcelerator.kroll.KrollConverter","name":"__default_name__","returnType":"void"},"destoyAdViewAndCancelRequest":{"runOnUiThread":false,"hasInvocation":false,"args":[],"apiName":"destoyAdViewAndCancelRequest","converter":"org.appcelerator.kroll.KrollConverter","defaultValueProvider":"org.appcelerator.kroll.KrollConverter","name":"__default_name__","returnType":"void"}},"superProxyBindingClassName":"org.appcelerator.titanium.proxy.TiViewProxyBindingGen","proxyClassName":"ViewProxy","proxyAttrs":{"propertyAccessors":[],"fullAPIName":"Admob.View","name":"View","proxyClassName":"ti.android.admob.ViewProxy","isTopLevel":false,"id":"ti.android.admob.ViewProxy","creatableInModule":"ti.android.admob.AdmobModule","parentModule":"org.appcelerator.kroll.annotations.Kroll.DEFAULT"},"packageName":"ti.android.admob","sourceName":"ti.android.admob.ViewProxyBindingGen","superProxyClassName":"TiViewProxy","isModule":false,"genClassName":"ViewProxyBindingGen"},"ti.android.admob.AdmobModule":{"superPackageName":"org.appcelerator.kroll","dynamicProperties":{"publisherId":{"set":true,"nativeConverter":"org.appcelerator.kroll.KrollConverter","setMethodName":"setPublisherId","setMethodArgs":[{"converter":"org.appcelerator.kroll.KrollConverter","defaultValueProvider":"org.appcelerator.kroll.KrollConverter","name":"pubId","sourceName":"pubId","type":"java.lang.String"}],"setDefaultProviders":["org.appcelerator.kroll.KrollConverter"],"converter":"org.appcelerator.kroll.KrollConverter","defaultValueProvider":"org.appcelerator.kroll.KrollConverter","retain":true,"javascriptConverter":"org.appcelerator.kroll.KrollConverter","getHasInvocation":false,"runOnUiThread":false,"setReturnType":"void","get":false,"name":"publisherId","setHasInvocation":false},"tagForUnderAgeOfConsent":{"set":true,"nativeConverter":"org.appcelerator.kroll.KrollConverter","setMethodName":"setTagForUnderAgeOfConsent","setMethodArgs":[{"converter":"org.appcelerator.kroll.KrollConverter","defaultValueProvider":"org.appcelerator.kroll.KrollConverter","name":"underAgeOfConsent","sourceName":"underAgeOfConsent","type":"boolean"}],"setDefaultProviders":["org.appcelerator.kroll.KrollConverter"],"converter":"org.appcelerator.kroll.KrollConverter","defaultValueProvider":"org.appcelerator.kroll.KrollConverter","retain":true,"javascriptConverter":"org.appcelerator.kroll.KrollConverter","getHasInvocation":false,"runOnUiThread":false,"setReturnType":"void","get":false,"name":"tagForUnderAgeOfConsent","setHasInvocation":false},"consentStatus":{"set":false,"nativeConverter":"org.appcelerator.kroll.KrollConverter","getMethodName":"getConsentStatus","converter":"org.appcelerator.kroll.KrollConverter","defaultValueProvider":"org.appcelerator.kroll.KrollConverter","javascriptConverter":"org.appcelerator.kroll.KrollConverter","getHasInvocation":false,"runOnUiThread":false,"getMethodArgs":[],"getReturnType":"int","get":true,"name":"consentStatus","setHasInvocation":false,"getDefaultProviders":[]},"adProviders":{"set":false,"nativeConverter":"org.appcelerator.kroll.KrollConverter","getMethodName":"getAdProviders","converter":"org.appcelerator.kroll.KrollConverter","defaultValueProvider":"org.appcelerator.kroll.KrollConverter","javascriptConverter":"org.appcelerator.kroll.KrollConverter","getHasInvocation":false,"runOnUiThread":false,"getMethodArgs":[],"getReturnType":"org.appcelerator.kroll.KrollDict[]","get":true,"name":"adProviders","setHasInvocation":false,"getDefaultProviders":[]},"debugGeography":{"set":true,"nativeConverter":"org.appcelerator.kroll.KrollConverter","getMethodName":"getDebugGeography","setMethodName":"setDebugGeography","setMethodArgs":[{"converter":"org.appcelerator.kroll.KrollConverter","defaultValueProvider":"org.appcelerator.kroll.KrollConverter","name":"debugGeography","sourceName":"debugGeography","type":"int"}],"setDefaultProviders":["org.appcelerator.kroll.KrollConverter"],"converter":"org.appcelerator.kroll.KrollConverter","defaultValueProvider":"org.appcelerator.kroll.KrollConverter","retain":true,"javascriptConverter":"org.appcelerator.kroll.KrollConverter","getHasInvocation":false,"runOnUiThread":false,"getMethodArgs":[],"getReturnType":"int","setReturnType":"void","get":true,"name":"debugGeography","setHasInvocation":false,"getDefaultProviders":[]}},"methods":{"isLimitAdTrackingEnabled":{"runOnUiThread":false,"hasInvocation":false,"args":[{"converter":"org.appcelerator.kroll.KrollConverter","defaultValueProvider":"org.appcelerator.kroll.KrollConverter","name":"callback","sourceName":"callback","type":"org.appcelerator.kroll.KrollFunction"}],"apiName":"isLimitAdTrackingEnabled","converter":"org.appcelerator.kroll.KrollConverter","defaultValueProvider":"org.appcelerator.kroll.KrollConverter","name":"__default_name__","returnType":"void"},"requestConsentInfoUpdateForPublisherIdentifiers":{"runOnUiThread":false,"hasInvocation":false,"args":[{"converter":"org.appcelerator.kroll.KrollConverter","defaultValueProvider":"org.appcelerator.kroll.KrollConverter","name":"args","sourceName":"args","type":"org.appcelerator.kroll.KrollDict"}],"apiName":"requestConsentInfoUpdateForPublisherIdentifiers","converter":"org.appcelerator.kroll.KrollConverter","defaultValueProvider":"org.appcelerator.kroll.KrollConverter","name":"__default_name__","returnType":"void"},"resetConsent":{"runOnUiThread":false,"hasInvocation":false,"args":[],"apiName":"resetConsent","converter":"org.appcelerator.kroll.KrollConverter","defaultValueProvider":"org.appcelerator.kroll.KrollConverter","name":"__default_name__","returnType":"void"},"setTagForUnderAgeOfConsent":{"runOnUiThread":false,"hasInvocation":false,"args":[{"converter":"org.appcelerator.kroll.KrollConverter","defaultValueProvider":"org.appcelerator.kroll.KrollConverter","name":"underAgeOfConsent","sourceName":"underAgeOfConsent","type":"boolean"}],"apiName":"setTagForUnderAgeOfConsent","converter":"org.appcelerator.kroll.KrollConverter","defaultValueProvider":"org.appcelerator.kroll.KrollConverter","name":"__default_name__","returnType":"void"},"getDebugGeography":{"runOnUiThread":false,"hasInvocation":false,"args":[],"apiName":"getDebugGeography","converter":"org.appcelerator.kroll.KrollConverter","defaultValueProvider":"org.appcelerator.kroll.KrollConverter","name":"__default_name__","returnType":"int"},"getAdProviders":{"runOnUiThread":false,"hasInvocation":false,"args":[],"apiName":"getAdProviders","converter":"org.appcelerator.kroll.KrollConverter","defaultValueProvider":"org.appcelerator.kroll.KrollConverter","name":"__default_name__","returnType":"org.appcelerator.kroll.KrollDict[]"},"setPublisherId":{"runOnUiThread":false,"hasInvocation":false,"args":[{"converter":"org.appcelerator.kroll.KrollConverter","defaultValueProvider":"org.appcelerator.kroll.KrollConverter","name":"pubId","sourceName":"pubId","type":"java.lang.String"}],"apiName":"setPublisherId","converter":"org.appcelerator.kroll.KrollConverter","defaultValueProvider":"org.appcelerator.kroll.KrollConverter","name":"__default_name__","returnType":"void"},"getAndroidAdId":{"runOnUiThread":false,"hasInvocation":false,"args":[{"converter":"org.appcelerator.kroll.KrollConverter","defaultValueProvider":"org.appcelerator.kroll.KrollConverter","name":"callback","sourceName":"callback","type":"org.appcelerator.kroll.KrollFunction"}],"apiName":"getAndroidAdId","converter":"org.appcelerator.kroll.KrollConverter","defaultValueProvider":"org.appcelerator.kroll.KrollConverter","name":"__default_name__","returnType":"void"},"setDebugGeography":{"runOnUiThread":false,"hasInvocation":false,"args":[{"converter":"org.appcelerator.kroll.KrollConverter","defaultValueProvider":"org.appcelerator.kroll.KrollConverter","name":"debugGeography","sourceName":"debugGeography","type":"int"}],"apiName":"setDebugGeography","converter":"org.appcelerator.kroll.KrollConverter","defaultValueProvider":"org.appcelerator.kroll.KrollConverter","name":"__default_name__","returnType":"void"},"isTaggedForUnderAgeOfConsent":{"runOnUiThread":false,"hasInvocation":false,"args":[],"apiName":"isTaggedForUnderAgeOfConsent","converter":"org.appcelerator.kroll.KrollConverter","defaultValueProvider":"org.appcelerator.kroll.KrollConverter","name":"__default_name__","returnType":"boolean"},"getConsentStatus":{"runOnUiThread":false,"hasInvocation":false,"args":[],"apiName":"getConsentStatus","converter":"org.appcelerator.kroll.KrollConverter","defaultValueProvider":"org.appcelerator.kroll.KrollConverter","name":"__default_name__","returnType":"int"},"showConsentForm":{"runOnUiThread":false,"hasInvocation":false,"args":[{"converter":"org.appcelerator.kroll.KrollConverter","defaultValueProvider":"org.appcelerator.kroll.KrollConverter","name":"args","sourceName":"args","type":"org.appcelerator.kroll.KrollDict"}],"apiName":"showConsentForm","converter":"org.appcelerator.kroll.KrollConverter","defaultValueProvider":"org.appcelerator.kroll.KrollConverter","name":"__default_name__","returnType":"void"}},"superProxyBindingClassName":"org.appcelerator.kroll.KrollModuleBindingGen","proxyClassName":"AdmobModule","proxyAttrs":{"propertyAccessors":[],"fullAPIName":"Admob","name":"Admob","proxyClassName":"ti.android.admob.AdmobModule","isTopLevel":false,"id":"ti.android.admob"},"packageName":"ti.android.admob","sourceName":"ti.android.admob.AdmobModuleBindingGen","constants":{"AD_CLOSED":{"proxyName":"AD_CLOSED","name":"AD_CLOSED","type":"java.lang.String","value":"ad_closed"},"AD_DESTROYED":{"proxyName":"AD_DESTROYED","name":"AD_DESTROYED","type":"java.lang.String","value":"ad_destroyed"},"FULL_BANNER":{"proxyName":"FULL_BANNER","name":"FULL_BANNER","type":"java.lang.String","value":"FULL_BANNER"},"NATIVE":{"proxyName":"NATIVE","name":"NATIVE","type":"java.lang.String","value":"NATIVE"},"INTERSTITIAL":{"proxyName":"INTERSTITIAL","name":"INTERSTITIAL","type":"java.lang.String","value":"INTERSTITIAL"},"FLUID":{"proxyName":"FLUID","name":"FLUID","type":"java.lang.String","value":"FLUID"},"DFP_CUSTOM_NATIVE_ADS":{"proxyName":"DFP_CUSTOM_NATIVE_ADS","name":"DFP_CUSTOM_NATIVE_ADS","type":"java.lang.String","value":"DFP_CUSTOM_NATIVE_ADS"},"AD_RECEIVED":{"proxyName":"AD_RECEIVED","name":"AD_RECEIVED","type":"java.lang.String","value":"ad_received"},"SERVICE_MISSING":{"proxyName":"SERVICE_MISSING","name":"SERVICE_MISSING","type":"int","value":1},"TYPE_STARS":{"proxyName":"TYPE_STARS","name":"TYPE_STARS","type":"java.lang.String","value":"stars"},"LARGE_BANNER":{"proxyName":"LARGE_BANNER","name":"LARGE_BANNER","type":"java.lang.String","value":"LARGE_BANNER"},"AD_VIDEO_STARTED":{"proxyName":"AD_VIDEO_STARTED","name":"AD_VIDEO_STARTED","type":"java.lang.String","value":"ad_video_started"},"SERVICE_DISABLED":{"proxyName":"SERVICE_DISABLED","name":"SERVICE_DISABLED","type":"int","value":3},"SMART_BANNER":{"proxyName":"SMART_BANNER","name":"SMART_BANNER","type":"java.lang.String","value":"SMART_BANNER"},"AD_VIDEO_ENDED":{"proxyName":"AD_VIDEO_ENDED","name":"AD_VIDEO_ENDED","type":"java.lang.String","value":"ad_video_ended"},"DEBUG_GEOGRAPHY_NOT_EEA":{"proxyName":"DEBUG_GEOGRAPHY_NOT_EEA","name":"DEBUG_GEOGRAPHY_NOT_EEA","type":"int","value":3},"CONSENT_STATUS_UNKNOWN":{"proxyName":"CONSENT_STATUS_UNKNOWN","name":"CONSENT_STATUS_UNKNOWN","type":"int","value":0},"AD_BEING_SHOWN":{"proxyName":"AD_BEING_SHOWN","name":"AD_BEING_SHOWN","type":"java.lang.String","value":"ad_being_shown"},"TYPE_ADS":{"proxyName":"TYPE_ADS","name":"TYPE_ADS","type":"java.lang.String","value":"ads"},"SUCCESS":{"proxyName":"SUCCESS","name":"SUCCESS","type":"int","value":0},"NATIVE_APP_INSTALL":{"proxyName":"NATIVE_APP_INSTALL","name":"NATIVE_APP_INSTALL","type":"java.lang.String","value":"NATIVE_APP_INSTALL"},"SEARCH":{"proxyName":"SEARCH","name":"SEARCH","type":"java.lang.String","value":"SEARCH"},"DEBUG_GEOGRAPHY_DISABLED":{"proxyName":"DEBUG_GEOGRAPHY_DISABLED","name":"DEBUG_GEOGRAPHY_DISABLED","type":"int","value":0},"AD_NOT_RECEIVED":{"proxyName":"AD_NOT_RECEIVED","name":"AD_NOT_RECEIVED","type":"java.lang.String","value":"ad_not_received"},"DEBUG_GEOGRAPHY_EEA":{"proxyName":"DEBUG_GEOGRAPHY_EEA","name":"DEBUG_GEOGRAPHY_EEA","type":"int","value":1},"CONSENT_STATUS_PERSONALIZED":{"proxyName":"CONSENT_STATUS_PERSONALIZED","name":"CONSENT_STATUS_PERSONALIZED","type":"int","value":2},"SERVICE_INVALID":{"proxyName":"SERVICE_INVALID","name":"SERVICE_INVALID","type":"int","value":9},"AD_NOT_READY_YET":{"proxyName":"AD_NOT_READY_YET","name":"AD_NOT_READY_YET","type":"java.lang.String","value":"ad_not_ready_yet"},"AD_OPENED":{"proxyName":"AD_OPENED","name":"AD_OPENED","type":"java.lang.String","value":"ad_opened"},"BANNER":{"proxyName":"BANNER","name":"BANNER","type":"java.lang.String","value":"BANNER"},"AD_READY_TO_BE_SHOWN":{"proxyName":"AD_READY_TO_BE_SHOWN","name":"AD_READY_TO_BE_SHOWN","type":"java.lang.String","value":"ad_ready_to_be_shown"},"TYPE_MEDIA":{"proxyName":"TYPE_MEDIA","name":"TYPE_MEDIA","type":"java.lang.String","value":"media"},"WIDE_SKYSCRAPER":{"proxyName":"WIDE_SKYSCRAPER","name":"WIDE_SKYSCRAPER","type":"java.lang.String","value":"WIDE_SKYSCRAPER"},"REWARDED_VIDEO":{"proxyName":"REWARDED_VIDEO","name":"REWARDED_VIDEO","type":"java.lang.String","value":"REWARDED_VIDEO"},"ADAPTATIVE_BANNER":{"proxyName":"ADAPTATIVE_BANNER","name":"ADAPTATIVE_BANNER","type":"java.lang.String","value":"ADAPTATIVE_BANNER"},"MEDIUM_RECTANGLE":{"proxyName":"MEDIUM_RECTANGLE","name":"MEDIUM_RECTANGLE","type":"java.lang.String","value":"MEDIUM_RECTANGLE"},"AD_REWARDED":{"proxyName":"AD_REWARDED","name":"AD_REWARDED","type":"java.lang.String","value":"ad_rewarded"},"SERVICE_VERSION_UPDATE_REQUIRED":{"proxyName":"SERVICE_VERSION_UPDATE_REQUIRED","name":"SERVICE_VERSION_UPDATE_REQUIRED","type":"int","value":2},"CONSENT_STATUS_NON_PERSONALIZED":{"proxyName":"CONSENT_STATUS_NON_PERSONALIZED","name":"CONSENT_STATUS_NON_PERSONALIZED","type":"int","value":1},"LEADERBOARD":{"proxyName":"LEADERBOARD","name":"LEADERBOARD","type":"java.lang.String","value":"LEADERBOARD"},"UNIFIED_NATIVE_ADS":{"proxyName":"UNIFIED_NATIVE_ADS","name":"UNIFIED_NATIVE_ADS","type":"java.lang.String","value":"UNIFIED_NATIVE_ADS"}},"superProxyClassName":"KrollModule","isModule":true,"genClassName":"AdmobModuleBindingGen"}},"modules":{"ti.android.admob.AdmobModule":{"apiName":"Admob","createProxies":[{"propertyAccessors":[],"fullAPIName":"Admob.View","name":"View","proxyClassName":"ti.android.admob.ViewProxy","isTopLevel":false,"id":"ti.android.admob.ViewProxy","creatableInModule":"ti.android.admob.AdmobModule","parentModule":"org.appcelerator.kroll.annotations.Kroll.DEFAULT"}]}}}