{"proxies":{"ti.android.admob.AdaptativeBannerProxy":{"superPackageName":"org.appcelerator.titanium.proxy","methods":{"resume":{"runOnUiThread":false,"hasInvocation":false,"args":[],"apiName":"resume","converter":"org.appcelerator.kroll.KrollConverter","defaultValueProvider":"org.appcelerator.kroll.KrollConverter","name":"__default_name__","returnType":"void"},"destoyAdViewAndCancelRequest":{"runOnUiThread":false,"hasInvocation":false,"args":[],"apiName":"destoyAdViewAndCancelRequest","converter":"org.appcelerator.kroll.KrollConverter","defaultValueProvider":"org.appcelerator.kroll.KrollConverter","name":"__default_name__","returnType":"void"},"pause":{"runOnUiThread":false,"hasInvocation":false,"args":[],"apiName":"pause","converter":"org.appcelerator.kroll.KrollConverter","defaultValueProvider":"org.appcelerator.kroll.KrollConverter","name":"__default_name__","returnType":"void"}},"superProxyBindingClassName":"org.appcelerator.titanium.proxy.TiViewProxyBindingGen","proxyClassName":"AdaptativeBannerProxy","proxyAttrs":{"propertyAccessors":[],"fullAPIName":"Admob.AdaptativeBanner","name":"AdaptativeBanner","proxyClassName":"ti.android.admob.AdaptativeBannerProxy","isTopLevel":false,"id":"ti.android.admob.AdaptativeBannerProxy","creatableInModule":"ti.android.admob.AdmobModule","parentModule":"org.appcelerator.kroll.annotations.Kroll.DEFAULT"},"packageName":"ti.android.admob","sourceName":"ti.android.admob.AdaptativeBannerProxyBindingGen","isTitaniumSdk":false,"superProxyClassName":"TiViewProxy","isModule":false,"genClassName":"AdaptativeBannerProxyBindingGen"},"ti.android.admob.InterstitialProxy":{"superPackageName":"org.appcelerator.kroll","methods":{"load":{"runOnUiThread":false,"hasInvocation":false,"args":[],"apiName":"load","converter":"org.appcelerator.kroll.KrollConverter","defaultValueProvider":"org.appcelerator.kroll.KrollConverter","name":"__default_name__","returnType":"void"},"show":{"runOnUiThread":false,"hasInvocation":false,"args":[],"apiName":"show","converter":"org.appcelerator.kroll.KrollConverter","defaultValueProvider":"org.appcelerator.kroll.KrollConverter","name":"__default_name__","returnType":"void"}},"superProxyBindingClassName":"org.appcelerator.kroll.KrollProxyBindingGen","proxyClassName":"InterstitialProxy","proxyAttrs":{"propertyAccessors":[],"fullAPIName":"Admob.Interstitial","name":"Interstitial","proxyClassName":"ti.android.admob.InterstitialProxy","isTopLevel":false,"id":"ti.android.admob.InterstitialProxy","creatableInModule":"ti.android.admob.AdmobModule","parentModule":"org.appcelerator.kroll.annotations.Kroll.DEFAULT"},"packageName":"ti.android.admob","sourceName":"ti.android.admob.InterstitialProxyBindingGen","isTitaniumSdk":false,"superProxyClassName":"KrollProxy","isModule":false,"genClassName":"InterstitialProxyBindingGen"},"ti.android.admob.BannerProxy":{"superPackageName":"org.appcelerator.titanium.proxy","methods":{"resume":{"runOnUiThread":false,"hasInvocation":false,"args":[],"apiName":"resume","converter":"org.appcelerator.kroll.KrollConverter","defaultValueProvider":"org.appcelerator.kroll.KrollConverter","name":"__default_name__","returnType":"void"},"destoyAdViewAndCancelRequest":{"runOnUiThread":false,"hasInvocation":false,"args":[],"apiName":"destoyAdViewAndCancelRequest","converter":"org.appcelerator.kroll.KrollConverter","defaultValueProvider":"org.appcelerator.kroll.KrollConverter","name":"__default_name__","returnType":"void"},"pause":{"runOnUiThread":false,"hasInvocation":false,"args":[],"apiName":"pause","converter":"org.appcelerator.kroll.KrollConverter","defaultValueProvider":"org.appcelerator.kroll.KrollConverter","name":"__default_name__","returnType":"void"}},"superProxyBindingClassName":"org.appcelerator.titanium.proxy.TiViewProxyBindingGen","proxyClassName":"BannerProxy","proxyAttrs":{"propertyAccessors":[],"fullAPIName":"Admob.Banner","name":"Banner","proxyClassName":"ti.android.admob.BannerProxy","isTopLevel":false,"id":"ti.android.admob.BannerProxy","creatableInModule":"ti.android.admob.AdmobModule","parentModule":"org.appcelerator.kroll.annotations.Kroll.DEFAULT"},"packageName":"ti.android.admob","sourceName":"ti.android.admob.BannerProxyBindingGen","isTitaniumSdk":false,"superProxyClassName":"TiViewProxy","isModule":false,"genClassName":"BannerProxyBindingGen"},"ti.android.admob.RewardedInterstitialProxy":{"superPackageName":"org.appcelerator.kroll","methods":{"load":{"runOnUiThread":false,"hasInvocation":false,"args":[],"apiName":"load","converter":"org.appcelerator.kroll.KrollConverter","defaultValueProvider":"org.appcelerator.kroll.KrollConverter","name":"__default_name__","returnType":"void"},"show":{"runOnUiThread":false,"hasInvocation":false,"args":[],"apiName":"show","converter":"org.appcelerator.kroll.KrollConverter","defaultValueProvider":"org.appcelerator.kroll.KrollConverter","name":"__default_name__","returnType":"void"}},"superProxyBindingClassName":"org.appcelerator.kroll.KrollProxyBindingGen","proxyClassName":"RewardedInterstitialProxy","proxyAttrs":{"propertyAccessors":[],"fullAPIName":"Admob.RewardedInterstitial","name":"RewardedInterstitial","proxyClassName":"ti.android.admob.RewardedInterstitialProxy","isTopLevel":false,"id":"ti.android.admob.RewardedInterstitialProxy","creatableInModule":"ti.android.admob.AdmobModule","parentModule":"org.appcelerator.kroll.annotations.Kroll.DEFAULT"},"packageName":"ti.android.admob","sourceName":"ti.android.admob.RewardedInterstitialProxyBindingGen","isTitaniumSdk":false,"superProxyClassName":"KrollProxy","isModule":false,"genClassName":"RewardedInterstitialProxyBindingGen"},"ti.android.admob.NativeAdProxy":{"superPackageName":"org.appcelerator.titanium.proxy","superProxyBindingClassName":"org.appcelerator.titanium.proxy.TiViewProxyBindingGen","proxyClassName":"NativeAdProxy","proxyAttrs":{"propertyAccessors":[],"fullAPIName":"Admob.NativeAd","name":"NativeAd","proxyClassName":"ti.android.admob.NativeAdProxy","isTopLevel":false,"id":"ti.android.admob.NativeAdProxy","creatableInModule":"ti.android.admob.AdmobModule","parentModule":"org.appcelerator.kroll.annotations.Kroll.DEFAULT"},"packageName":"ti.android.admob","sourceName":"ti.android.admob.NativeAdProxyBindingGen","isTitaniumSdk":false,"superProxyClassName":"TiViewProxy","isModule":false,"genClassName":"NativeAdProxyBindingGen"},"ti.android.admob.AdmobModule":{"superPackageName":"org.appcelerator.kroll","methods":{"resetConsentForm":{"runOnUiThread":false,"hasInvocation":false,"args":[],"apiName":"resetConsentForm","converter":"org.appcelerator.kroll.KrollConverter","defaultValueProvider":"org.appcelerator.kroll.KrollConverter","name":"__default_name__","returnType":"void"},"setInMobi_updateGDPRConsent":{"runOnUiThread":false,"hasInvocation":false,"args":[{"converter":"org.appcelerator.kroll.KrollConverter","defaultValueProvider":"org.appcelerator.kroll.KrollConverter","name":"isEnable","sourceName":"isEnable","type":"boolean"}],"apiName":"setInMobi_updateGDPRConsent","converter":"org.appcelerator.kroll.KrollConverter","defaultValueProvider":"org.appcelerator.kroll.KrollConverter","name":"__default_name__","returnType":"void"},"setTestDeviceId":{"runOnUiThread":false,"hasInvocation":false,"args":[{"converter":"org.appcelerator.kroll.KrollConverter","defaultValueProvider":"org.appcelerator.kroll.KrollConverter","name":"deviceId","sourceName":"deviceId","type":"java.lang.String"}],"apiName":"setTestDeviceId","converter":"org.appcelerator.kroll.KrollConverter","defaultValueProvider":"org.appcelerator.kroll.KrollConverter","name":"__default_name__","returnType":"void"},"isAdmobReady":{"runOnUiThread":false,"hasInvocation":false,"args":[],"apiName":"isAdmobReady","converter":"org.appcelerator.kroll.KrollConverter","defaultValueProvider":"org.appcelerator.kroll.KrollConverter","name":"__default_name__","returnType":"boolean"},"getConsentStatus":{"runOnUiThread":false,"hasInvocation":false,"args":[],"apiName":"getConsentStatus","converter":"org.appcelerator.kroll.KrollConverter","defaultValueProvider":"org.appcelerator.kroll.KrollConverter","name":"__default_name__","returnType":"int"},"requestConsentForm":{"runOnUiThread":false,"hasInvocation":false,"args":[],"apiName":"requestConsentForm","converter":"org.appcelerator.kroll.KrollConverter","defaultValueProvider":"org.appcelerator.kroll.KrollConverter","name":"__default_name__","returnType":"void"},"showMediationTestSuite":{"runOnUiThread":false,"hasInvocation":false,"args":[],"apiName":"showMediationTestSuite","converter":"org.appcelerator.kroll.KrollConverter","defaultValueProvider":"org.appcelerator.kroll.KrollConverter","name":"__default_name__","returnType":"void"},"showConsentForm":{"runOnUiThread":false,"hasInvocation":false,"args":[],"apiName":"showConsentForm","converter":"org.appcelerator.kroll.KrollConverter","defaultValueProvider":"org.appcelerator.kroll.KrollConverter","name":"__default_name__","returnType":"void"}},"superProxyClassName":"KrollModule","isModule":true,"genClassName":"AdmobModuleBindingGen","superProxyBindingClassName":"org.appcelerator.kroll.KrollModuleBindingGen","proxyClassName":"AdmobModule","proxyAttrs":{"propertyAccessors":[],"fullAPIName":"Admob","name":"Admob","proxyClassName":"ti.android.admob.AdmobModule","isTopLevel":false,"id":"ti.android.admob"},"packageName":"ti.android.admob","sourceName":"ti.android.admob.AdmobModuleBindingGen","constants":{"AD_CLOSED":{"proxyName":"AD_CLOSED","name":"AD_CLOSED","type":"java.lang.String","value":"ad_closed"},"AD_SHOWED_FULLSCREEN_CONTENT":{"proxyName":"AD_SHOWED_FULLSCREEN_CONTENT","name":"AD_SHOWED_FULLSCREEN_CONTENT","type":"java.lang.String","value":"ad_clicked"},"FULL_BANNER":{"proxyName":"FULL_BANNER","name":"FULL_BANNER","type":"java.lang.String","value":"FULL_BANNER"},"CONSENT_FORM_NOT_AVAILABLE":{"proxyName":"CONSENT_FORM_NOT_AVAILABLE","name":"CONSENT_FORM_NOT_AVAILABLE","type":"java.lang.String","value":"consent_not_available"},"CONSENT_FORM_DISMISSED":{"proxyName":"CONSENT_FORM_DISMISSED","name":"CONSENT_FORM_DISMISSED","type":"java.lang.String","value":"consent_form_dismissed"},"CONSENT_STATUS_NOT_REQUIRED":{"proxyName":"CONSENT_STATUS_NOT_REQUIRED","name":"CONSENT_STATUS_NOT_REQUIRED","type":"int","value":1},"AD_FAILED_TO_SHOW":{"proxyName":"AD_FAILED_TO_SHOW","name":"AD_FAILED_TO_SHOW","type":"java.lang.String","value":"ad_failed_to_show"},"AD_CLICKED":{"proxyName":"AD_CLICKED","name":"AD_CLICKED","type":"java.lang.String","value":"ad_clicked"},"AD_RECEIVED":{"proxyName":"AD_RECEIVED","name":"AD_RECEIVED","type":"java.lang.String","value":"ad_received"},"TYPE_STARS":{"proxyName":"TYPE_STARS","name":"TYPE_STARS","type":"java.lang.String","value":"stars"},"LARGE_BANNER":{"proxyName":"LARGE_BANNER","name":"LARGE_BANNER","type":"java.lang.String","value":"LARGE_BANNER"},"CONSENT_INFO_NOT_READY":{"proxyName":"CONSENT_INFO_NOT_READY","name":"CONSENT_INFO_NOT_READY","type":"int","value":99},"SMART_BANNER":{"proxyName":"SMART_BANNER","name":"SMART_BANNER","type":"java.lang.String","value":"SMART_BANNER"},"CONSENT_STATUS_UNKNOWN":{"proxyName":"CONSENT_STATUS_UNKNOWN","name":"CONSENT_STATUS_UNKNOWN","type":"int","value":0},"ADMOB_READY":{"proxyName":"ADMOB_READY","name":"ADMOB_READY","type":"java.lang.String","value":"ready"},"CONSENT_ERROR":{"proxyName":"CONSENT_ERROR","name":"CONSENT_ERROR","type":"java.lang.String","value":"consent_error"},"CONSENT_FORM_LOADED":{"proxyName":"CONSENT_FORM_LOADED","name":"CONSENT_FORM_LOADED","type":"java.lang.String","value":"consent_form_loaded"},"CONSENT_INFO_UPDATE_FAILURE":{"proxyName":"CONSENT_INFO_UPDATE_FAILURE","name":"CONSENT_INFO_UPDATE_FAILURE","type":"java.lang.String","value":"consent_info_update_failure"},"TYPE_ADS":{"proxyName":"TYPE_ADS","name":"TYPE_ADS","type":"java.lang.String","value":"ads"},"CONSENT_STATUS_REQUIRED":{"proxyName":"CONSENT_STATUS_REQUIRED","name":"CONSENT_STATUS_REQUIRED","type":"int","value":2},"AD_LOADED":{"proxyName":"AD_LOADED","name":"AD_LOADED","type":"java.lang.String","value":"ad_loaded"},"ADMOB_NOT_READY_YET":{"proxyName":"ADMOB_NOT_READY_YET","name":"ADMOB_NOT_READY_YET","type":"java.lang.String","value":"not_ready_yet"},"AD_NOT_RECEIVED":{"proxyName":"AD_NOT_RECEIVED","name":"AD_NOT_RECEIVED","type":"java.lang.String","value":"ad_not_received"},"NATIVE_ADS":{"proxyName":"NATIVE_ADS","name":"NATIVE_ADS","type":"java.lang.String","value":"NATIVE_ADS"},"CONSENT_REQUIRED":{"proxyName":"CONSENT_REQUIRED","name":"CONSENT_REQUIRED","type":"java.lang.String","value":"consent_required"},"AD_OPENED":{"proxyName":"AD_OPENED","name":"AD_OPENED","type":"java.lang.String","value":"ad_opened"},"CONSENT_FORM_READY":{"proxyName":"CONSENT_FORM_READY","name":"CONSENT_FORM_READY","type":"java.lang.String","value":"consent_ready"},"BANNER":{"proxyName":"BANNER","name":"BANNER","type":"java.lang.String","value":"BANNER"},"TYPE_MEDIA":{"proxyName":"TYPE_MEDIA","name":"TYPE_MEDIA","type":"java.lang.String","value":"media"},"MEDIUM_RECTANGLE":{"proxyName":"MEDIUM_RECTANGLE","name":"MEDIUM_RECTANGLE","type":"java.lang.String","value":"MEDIUM_RECTANGLE"},"AD_REWARDED":{"proxyName":"AD_REWARDED","name":"AD_REWARDED","type":"java.lang.String","value":"ad_rewarded"},"CONSENT_NOT_REQUIRED":{"proxyName":"CONSENT_NOT_REQUIRED","name":"CONSENT_NOT_REQUIRED","type":"java.lang.String","value":"consent_not_required"},"CONSENT_STATUS_OBTAINED":{"proxyName":"CONSENT_STATUS_OBTAINED","name":"CONSENT_STATUS_OBTAINED","type":"int","value":3},"LEADERBOARD":{"proxyName":"LEADERBOARD","name":"LEADERBOARD","type":"java.lang.String","value":"LEADERBOARD"}},"isTitaniumSdk":false,"onAppCreate":"onAppCreate"},"ti.android.admob.RewardedProxy":{"superPackageName":"org.appcelerator.kroll","methods":{"load":{"runOnUiThread":false,"hasInvocation":false,"args":[],"apiName":"load","converter":"org.appcelerator.kroll.KrollConverter","defaultValueProvider":"org.appcelerator.kroll.KrollConverter","name":"__default_name__","returnType":"void"},"show":{"runOnUiThread":false,"hasInvocation":false,"args":[],"apiName":"show","converter":"org.appcelerator.kroll.KrollConverter","defaultValueProvider":"org.appcelerator.kroll.KrollConverter","name":"__default_name__","returnType":"void"}},"superProxyBindingClassName":"org.appcelerator.kroll.KrollProxyBindingGen","proxyClassName":"RewardedProxy","proxyAttrs":{"propertyAccessors":[],"fullAPIName":"Admob.Rewarded","name":"Rewarded","proxyClassName":"ti.android.admob.RewardedProxy","isTopLevel":false,"id":"ti.android.admob.RewardedProxy","creatableInModule":"ti.android.admob.AdmobModule","parentModule":"org.appcelerator.kroll.annotations.Kroll.DEFAULT"},"packageName":"ti.android.admob","sourceName":"ti.android.admob.RewardedProxyBindingGen","isTitaniumSdk":false,"superProxyClassName":"KrollProxy","isModule":false,"genClassName":"RewardedProxyBindingGen"}},"modules":{"ti.android.admob.AdmobModule":{"apiName":"Admob","createProxies":[{"propertyAccessors":[],"fullAPIName":"Admob.Rewarded","name":"Rewarded","proxyClassName":"ti.android.admob.RewardedProxy","isTopLevel":false,"id":"ti.android.admob.RewardedProxy","creatableInModule":"ti.android.admob.AdmobModule","parentModule":"org.appcelerator.kroll.annotations.Kroll.DEFAULT"},{"propertyAccessors":[],"fullAPIName":"Admob.RewardedInterstitial","name":"RewardedInterstitial","proxyClassName":"ti.android.admob.RewardedInterstitialProxy","isTopLevel":false,"id":"ti.android.admob.RewardedInterstitialProxy","creatableInModule":"ti.android.admob.AdmobModule","parentModule":"org.appcelerator.kroll.annotations.Kroll.DEFAULT"},{"propertyAccessors":[],"fullAPIName":"Admob.NativeAd","name":"NativeAd","proxyClassName":"ti.android.admob.NativeAdProxy","isTopLevel":false,"id":"ti.android.admob.NativeAdProxy","creatableInModule":"ti.android.admob.AdmobModule","parentModule":"org.appcelerator.kroll.annotations.Kroll.DEFAULT"},{"propertyAccessors":[],"fullAPIName":"Admob.Banner","name":"Banner","proxyClassName":"ti.android.admob.BannerProxy","isTopLevel":false,"id":"ti.android.admob.BannerProxy","creatableInModule":"ti.android.admob.AdmobModule","parentModule":"org.appcelerator.kroll.annotations.Kroll.DEFAULT"},{"propertyAccessors":[],"fullAPIName":"Admob.Interstitial","name":"Interstitial","proxyClassName":"ti.android.admob.InterstitialProxy","isTopLevel":false,"id":"ti.android.admob.InterstitialProxy","creatableInModule":"ti.android.admob.AdmobModule","parentModule":"org.appcelerator.kroll.annotations.Kroll.DEFAULT"},{"propertyAccessors":[],"fullAPIName":"Admob.AdaptativeBanner","name":"AdaptativeBanner","proxyClassName":"ti.android.admob.AdaptativeBannerProxy","isTopLevel":false,"id":"ti.android.admob.AdaptativeBannerProxy","creatableInModule":"ti.android.admob.AdmobModule","parentModule":"org.appcelerator.kroll.annotations.Kroll.DEFAULT"}]}}}