<?xml version="1.0" encoding="UTF-8"?>
<ti:app xmlns:ti="http://ti.appcelerator.org">
    <id>com.admob.sample</id>
    <name>admobSampleProject</name>
    <version>1.0</version>
    <publisher>douglasalves</publisher>
    <url>http://</url>
    <description/>
    <copyright>2018 by douglasalves</copyright>
    <icon>appicon.png</icon>
    <fullscreen>false</fullscreen>
    <navbar-hidden>false</navbar-hidden>
    <analytics>true</analytics>
    <guid>778477fe-b2c4-4f60-9222-eb94f07b2dfd</guid>
    <property name="ti.ui.defaultunit" type="string">dp</property>
    <property name="run-on-main-thread" type="bool">true</property>
    <ios>
        <enable-launch-screen-storyboard>true</enable-launch-screen-storyboard>
        <use-app-thinning>true</use-app-thinning>
        <plist>
            <dict>
                <key>UISupportedInterfaceOrientations~iphone</key>
                <array>
                    <string>UIInterfaceOrientationPortrait</string>
                </array>
                <key>UISupportedInterfaceOrientations~ipad</key>
                <array>
                    <string>UIInterfaceOrientationPortrait</string>
                    <string>UIInterfaceOrientationPortraitUpsideDown</string>
                    <string>UIInterfaceOrientationLandscapeLeft</string>
                    <string>UIInterfaceOrientationLandscapeRight</string>
                </array>
                <key>UIRequiresPersistentWiFi</key>
                <false/>
                <key>UIPrerenderedIcon</key>
                <false/>
                <key>UIStatusBarHidden</key>
                <false/>
                <key>UIStatusBarStyle</key>
                <string>UIStatusBarStyleDefault</string>
            </dict>
        </plist>
    </ios>
    <android xmlns:android="http://schemas.android.com/apk/res/android"/>
    <modules>
        <module platform="android">ti.android.admob</module>
    </modules>
    <deployment-targets>
        <target device="android">true</target>
        <target device="ipad">false</target>
        <target device="iphone">false</target>
    </deployment-targets>
    <sdk-version>7.0.0.GA</sdk-version>
    <property name="appc-app-id" type="string">5ad9227b719fd4065e23cf9f</property>
</ti:app>
