{"proxies":{"ti.android.admob.ViewProxy":{"superPackageName":"org.appcelerator.titanium.proxy","methods":{"showInterstitialAd":{"runOnUiThread":false,"hasInvocation":false,"args":[],"apiName":"showInterstitialAd","converter":"org.appcelerator.kroll.KrollConverter","defaultValueProvider":"org.appcelerator.kroll.KrollConverter","name":"__default_name__","returnType":"void"},"requestNewInterstitialAd":{"runOnUiThread":false,"hasInvocation":false,"args":[],"apiName":"requestNewInterstitialAd","converter":"org.appcelerator.kroll.KrollConverter","defaultValueProvider":"org.appcelerator.kroll.KrollConverter","name":"__default_name__","returnType":"void"},"requestNewRewardedAd":{"runOnUiThread":false,"hasInvocation":false,"args":[],"apiName":"requestNewRewardedAd","converter":"org.appcelerator.kroll.KrollConverter","defaultValueProvider":"org.appcelerator.kroll.KrollConverter","name":"__default_name__","returnType":"void"},"showRewardedAd":{"runOnUiThread":false,"hasInvocation":false,"args":[],"apiName":"showRewardedAd","converter":"org.appcelerator.kroll.KrollConverter","defaultValueProvider":"org.appcelerator.kroll.KrollConverter","name":"__default_name__","returnType":"void"},"destoyAdViewAndCancelRequest":{"runOnUiThread":false,"hasInvocation":false,"args":[],"apiName":"destoyAdViewAndCancelRequest","converter":"org.appcelerator.kroll.KrollConverter","defaultValueProvider":"org.appcelerator.kroll.KrollConverter","name":"__default_name__","returnType":"void"}},"superProxyBindingClassName":"org.appcelerator.titanium.proxy.TiViewProxyBindingGen","proxyClassName":"ViewProxy","proxyAttrs":{"propertyAccessors":[],"fullAPIName":"Admob.View","name":"View","proxyClassName":"ti.android.admob.ViewProxy","isTopLevel":false,"id":"ti.android.admob.ViewProxy","creatableInModule":"ti.android.admob.AdmobModule","parentModule":"org.appcelerator.kroll.annotations.Kroll.DEFAULT"},"packageName":"ti.android.admob","sourceName":"ti.android.admob.ViewProxyBindingGen","isTitaniumSdk":false,"superProxyClassName":"TiViewProxy","isModule":false,"genClassName":"ViewProxyBindingGen"},"ti.android.admob.AdmobModule":{"superPackageName":"org.appcelerator.kroll","dynamicProperties":{"publisherId":{"set":true,"nativeConverter":"org.appcelerator.kroll.KrollConverter","setMethodName":"setPublisherId","setMethodArgs":[{"converter":"org.appcelerator.kroll.KrollConverter","defaultValueProvider":"org.appcelerator.kroll.KrollConverter","name":"pubId","sourceName":"pubId","type":"java.lang.String"}],"setDefaultProviders":["org.appcelerator.kroll.KrollConverter"],"converter":"org.appcelerator.kroll.KrollConverter","defaultValueProvider":"org.appcelerator.kroll.KrollConverter","retain":true,"javascriptConverter":"org.appcelerator.kroll.KrollConverter","getHasInvocation":false,"runOnUiThread":false,"setReturnType":"void","get":false,"name":"publisherId","setHasInvocation":false}},"methods":{"setPublisherId":{"runOnUiThread":false,"hasInvocation":false,"args":[{"converter":"org.appcelerator.kroll.KrollConverter","defaultValueProvider":"org.appcelerator.kroll.KrollConverter","name":"pubId","sourceName":"pubId","type":"java.lang.String"}],"apiName":"setPublisherId","converter":"org.appcelerator.kroll.KrollConverter","defaultValueProvider":"org.appcelerator.kroll.KrollConverter","name":"__default_name__","returnType":"void"},"resetConsentForm":{"runOnUiThread":false,"hasInvocation":false,"args":[],"apiName":"resetConsentForm","converter":"org.appcelerator.kroll.KrollConverter","defaultValueProvider":"org.appcelerator.kroll.KrollConverter","name":"__default_name__","returnType":"void"},"requestConsentForm":{"runOnUiThread":false,"hasInvocation":false,"args":[],"apiName":"requestConsentForm","converter":"org.appcelerator.kroll.KrollConverter","defaultValueProvider":"org.appcelerator.kroll.KrollConverter","name":"__default_name__","returnType":"void"}},"superProxyClassName":"KrollModule","isModule":true,"genClassName":"AdmobModuleBindingGen","superProxyBindingClassName":"org.appcelerator.kroll.KrollModuleBindingGen","proxyClassName":"AdmobModule","proxyAttrs":{"propertyAccessors":[],"fullAPIName":"Admob","name":"Admob","proxyClassName":"ti.android.admob.AdmobModule","isTopLevel":false,"id":"ti.android.admob"},"packageName":"ti.android.admob","sourceName":"ti.android.admob.AdmobModuleBindingGen","constants":{"AD_CLOSED":{"proxyName":"AD_CLOSED","name":"AD_CLOSED","type":"java.lang.String","value":"ad_closed"},"AD_DESTROYED":{"proxyName":"AD_DESTROYED","name":"AD_DESTROYED","type":"java.lang.String","value":"ad_destroyed"},"FULL_BANNER":{"proxyName":"FULL_BANNER","name":"FULL_BANNER","type":"java.lang.String","value":"FULL_BANNER"},"INTERSTITIAL":{"proxyName":"INTERSTITIAL","name":"INTERSTITIAL","type":"java.lang.String","value":"INTERSTITIAL"},"CONSENT_READY":{"proxyName":"CONSENT_READY","name":"CONSENT_READY","type":"java.lang.String","value":"consent_ready"},"CONSENT_FORM_DISMISSED":{"proxyName":"CONSENT_FORM_DISMISSED","name":"CONSENT_FORM_DISMISSED","type":"java.lang.String","value":"consent_form_dismissed"},"AD_FAILED_TO_SHOW":{"proxyName":"AD_FAILED_TO_SHOW","name":"AD_FAILED_TO_SHOW","type":"java.lang.String","value":"ad_failed_to_show"},"FLUID":{"proxyName":"FLUID","name":"FLUID","type":"java.lang.String","value":"FLUID"},"AD_RECEIVED":{"proxyName":"AD_RECEIVED","name":"AD_RECEIVED","type":"java.lang.String","value":"ad_received"},"TYPE_STARS":{"proxyName":"TYPE_STARS","name":"TYPE_STARS","type":"java.lang.String","value":"stars"},"LARGE_BANNER":{"proxyName":"LARGE_BANNER","name":"LARGE_BANNER","type":"java.lang.String","value":"LARGE_BANNER"},"SMART_BANNER":{"proxyName":"SMART_BANNER","name":"SMART_BANNER","type":"java.lang.String","value":"SMART_BANNER"},"CONSENT_ERROR":{"proxyName":"CONSENT_ERROR","name":"CONSENT_ERROR","type":"java.lang.String","value":"consent_error"},"CONSENT_FORM_LOADED":{"proxyName":"CONSENT_FORM_LOADED","name":"CONSENT_FORM_LOADED","type":"java.lang.String","value":"consent_form_loaded"},"CONSENT_INFO_UPDATE_FAILURE":{"proxyName":"CONSENT_INFO_UPDATE_FAILURE","name":"CONSENT_INFO_UPDATE_FAILURE","type":"java.lang.String","value":"consent_info_update_failure"},"TYPE_ADS":{"proxyName":"TYPE_ADS","name":"TYPE_ADS","type":"java.lang.String","value":"ads"},"SEARCH":{"proxyName":"SEARCH","name":"SEARCH","type":"java.lang.String","value":"SEARCH"},"AD_LOADED":{"proxyName":"AD_LOADED","name":"AD_LOADED","type":"java.lang.String","value":"ad_loaded"},"OPEN_APP":{"proxyName":"OPEN_APP","name":"OPEN_APP","type":"java.lang.String","value":"OPEN_APP"},"AD_NOT_RECEIVED":{"proxyName":"AD_NOT_RECEIVED","name":"AD_NOT_RECEIVED","type":"java.lang.String","value":"ad_not_received"},"NATIVE_ADS":{"proxyName":"NATIVE_ADS","name":"NATIVE_ADS","type":"java.lang.String","value":"NATIVE_ADS"},"AD_OPENED":{"proxyName":"AD_OPENED","name":"AD_OPENED","type":"java.lang.String","value":"ad_opened"},"BANNER":{"proxyName":"BANNER","name":"BANNER","type":"java.lang.String","value":"BANNER"},"TYPE_MEDIA":{"proxyName":"TYPE_MEDIA","name":"TYPE_MEDIA","type":"java.lang.String","value":"media"},"WIDE_SKYSCRAPER":{"proxyName":"WIDE_SKYSCRAPER","name":"WIDE_SKYSCRAPER","type":"java.lang.String","value":"WIDE_SKYSCRAPER"},"REWARDED_VIDEO":{"proxyName":"REWARDED_VIDEO","name":"REWARDED_VIDEO","type":"java.lang.String","value":"REWARDED_VIDEO"},"ADAPTATIVE_BANNER":{"proxyName":"ADAPTATIVE_BANNER","name":"ADAPTATIVE_BANNER","type":"java.lang.String","value":"ADAPTATIVE_BANNER"},"MEDIUM_RECTANGLE":{"proxyName":"MEDIUM_RECTANGLE","name":"MEDIUM_RECTANGLE","type":"java.lang.String","value":"MEDIUM_RECTANGLE"},"AD_REWARDED":{"proxyName":"AD_REWARDED","name":"AD_REWARDED","type":"java.lang.String","value":"ad_rewarded"},"LEADERBOARD":{"proxyName":"LEADERBOARD","name":"LEADERBOARD","type":"java.lang.String","value":"LEADERBOARD"}},"isTitaniumSdk":false}},"modules":{"ti.android.admob.AdmobModule":{"apiName":"Admob","createProxies":[{"propertyAccessors":[],"fullAPIName":"Admob.View","name":"View","proxyClassName":"ti.android.admob.ViewProxy","isTopLevel":false,"id":"ti.android.admob.ViewProxy","creatableInModule":"ti.android.admob.AdmobModule","parentModule":"org.appcelerator.kroll.annotations.Kroll.DEFAULT"}]}}}