<?xml version="1.0" encoding="UTF-8"?>
<metadata>
  <groupId>ti.android</groupId>
  <artifactId>admob</artifactId>
  <versioning>
    <latest>6.1.4</latest>
    <release>6.1.4</release>
    <versions>
      <version>6.0.0</version>
      <version>6.0.1</version>
      <version>6.0.2</version>
      <version>6.0.3</version>
      <version>6.1.0</version>
      <version>6.1.1</version>
      <version>6.1.3</version>
      <version>6.1.4</version>
    </versions>
    <lastUpdated>20200718124621</lastUpdated>
  </versioning>
</metadata>
