<?xml version="1.0" encoding="UTF-8"?>
<ti:module xmlns:ti="http://ti.appcelerator.org" xmlns:android="http://schemas.android.com/apk/res/android">
    <android xmlns:android="http://schemas.android.com/apk/res/android">
        <tool-api-level>14</tool-api-level>
        <manifest>
            <application>
                <!-- Include the AdActivity and InAppPurchaseActivity configChanges and themes. -->
                <activity
                    android:name="com.google.android.gms.ads.AdActivity"
                    android:configChanges="keyboard|keyboardHidden|orientation|screenLayout|uiMode|screenSize|smallestScreenSize"
                    android:exported="false"
                    android:theme="@android:style/Theme.Translucent" />
        
            </application>
           
            <uses-permission android:name="android.permission.INTERNET"/>
            <uses-permission android:name="android.permission.ACCESS_NETWORK_STATE"/>
            <uses-permission android:name="android.permission.BLUETOOTH" />
            <uses-permission android:name="android.permission.ACCESS_FINE_LOCATION"/>
            
            <!-- Required permission for App measurement to run. -->
		    <uses-permission android:name="android.permission.WAKE_LOCK" />
		    <uses-permission android:name="com.google.android.finsky.permission.BIND_GET_INSTALL_REFERRER_SERVICE" />
		
		    <application>
		        <receiver
		            android:name="com.google.android.gms.measurement.AppMeasurementReceiver"
		            android:enabled="true"
		            android:exported="false" >
		        </receiver>
		        <receiver
		            android:name="com.google.android.gms.measurement.AppMeasurementInstallReferrerReceiver"
		            android:enabled="true"
		            android:exported="true"
		            android:permission="android.permission.INSTALL_PACKAGES" >
		            <intent-filter>
		                <action android:name="com.android.vending.INSTALL_REFERRER" />
		            </intent-filter>
		        </receiver>
		
		        <service
		            android:name="com.google.android.gms.measurement.AppMeasurementService"
		            android:enabled="true"
		            android:exported="false" />
		        <service
		            android:name="com.google.android.gms.measurement.AppMeasurementJobService"
		            android:enabled="true"
		            android:exported="false"
		            android:permission="android.permission.BIND_JOB_SERVICE" />
		    </application>
        </manifest>
    </android>
    <modules>
    	<module platform="android">firebase.core</module>
        <module platform="android">ti.playservices</module>
    </modules>
</ti:module>
