<?xml version="1.0" encoding="UTF-8"?>
<ti:module xmlns:ti="http://ti.appcelerator.org" xmlns:android="http://schemas.android.com/apk/res/android">
    <android xmlns:android="http://schemas.android.com/apk/res/android">
        <tool-api-level>14</tool-api-level>
        <manifest>
            <application>
                <!-- Include the AdActivity and InAppPurchaseActivity configChanges and themes. -->
                <activity
                    android:name="com.google.android.gms.ads.AdActivity"
                    android:configChanges="keyboard|keyboardHidden|orientation|screenLayout|uiMode|screenSize|smallestScreenSize"
                    android:exported="false"
                    android:theme="@android:style/Theme.Translucent" />
            </application>
            <uses-permission android:name="android.permission.INTERNET"/>
            <uses-permission android:name="android.permission.ACCESS_NETWORK_STATE"/>
            <uses-permission android:name="android.permission.BLUETOOTH" />
            <uses-permission android:name="android.permission.ACCESS_FINE_LOCATION"/>
        </manifest>
    </android>
    <modules>
        <module platform="android">ti.playservices</module>
    </modules>
</ti:module>
